,treatment
1864,0
3632,1
5482,0
8921,0
1827,1
5724,1
8714,0
4723,1
4566,0
9371,0
6751,1
2969,0
2343,1
5488,0
8599,0
4051,0
1218,1
6235,1
1976,0
6256,1
6906,0
1178,1
5579,0
8946,0
9265,0
6286,1
7926,0
7306,1
3557,1
2915,1
9127,1
3092,0
1905,1
6630,0
7598,0
315,0
147,0
5654,1
299,0
6948,1
7301,0
3052,0
6019,0
7574,1
6815,1
2411,0
9372,0
4385,0
9811,0
8907,0
1556,0
187,0
3048,0
9152,0
2584,0
2853,0
4403,1
3183,0
1346,0
4516,1
2752,1
5238,0
7538,0
5566,0
6413,1
2824,1
7197,0
3012,0
476,1
4097,1
9697,1
4389,0
5507,0
8646,1
3291,1
4164,1
2292,0
720,1
8185,1
565,0
9640,1
651,1
5006,0
1683,0
7225,1
2152,0
3472,1
245,0
281,1
856,1
8544,1
5024,0
5679,0
9913,1
9352,1
9496,0
6935,0
305,1
1777,1
2842,0
1524,0
7152,0
5528,1
5659,0
4059,1
2968,1
8466,1
8610,1
27,0
363,1
5582,1
7456,0
3176,1
3186,0
5228,0
2363,0
3103,0
2714,1
5335,1
7751,0
8115,0
9949,1
6477,0
2231,0
8010,0
469,0
2832,0
5585,0
60,0
9526,1
9670,0
9692,0
6263,0
2952,0
4460,1
8181,0
3498,0
2783,0
4409,0
4102,0
2812,0
6207,0
7102,0
1312,1
1824,0
8118,1
7412,0
9699,1
2554,1
8040,0
2264,0
1336,0
316,0
1878,1
6449,1
6433,1
2224,0
8485,1
6540,0
4469,0
3209,0
4930,0
5733,0
6209,0
7503,0
1157,0
1036,0
3842,0
1134,0
8142,1
4175,0
4513,1
3897,1
3018,0
9446,0
1617,0
3074,0
3342,0
814,1
1602,0
6013,1
2245,0
4647,0
9773,0
6139,1
9809,0
1353,1
752,0
8046,1
1931,1
193,1
3755,0
6694,0
3091,0
5871,0
3293,0
9966,0
3899,0
7515,1
8879,0
7239,0
1352,1
1380,1
4936,0
415,1
4567,0
2293,1
5109,0
7820,1
8607,1
4220,1
3538,1
1853,1
8150,1
2153,0
112,0
8778,1
9575,0
5592,0
1407,1
694,0
3234,0
3274,0
5635,0
8753,0
270,0
3395,1
7498,1
1500,1
7002,0
3109,0
1902,0
9713,1
8204,0
8077,0
353,0
2984,0
8682,1
835,1
8923,0
881,0
5520,1
1977,1
637,0
3765,0
7551,0
4941,1
3920,1
2142,0
8222,1
9964,1
5685,0
2389,0
7441,0
8614,0
5380,0
2372,1
745,0
5999,1
8416,0
3108,1
4299,1
6812,0
8625,0
4228,0
2111,0
8052,0
5898,0
9390,0
8757,0
5151,0
3331,0
9769,0
7434,1
8000,0
2385,0
1646,0
3481,1
2326,1
7258,0
5980,0
515,0
5666,0
24,0
8722,1
6606,0
7920,0
2695,0
2403,0
806,1
739,0
4414,1
3660,0
1070,0
4332,1
6452,0
1591,0
5899,0
7351,0
8443,0
9385,0
2810,0
9029,0
3995,0
661,0
4944,0
6472,0
6289,0
9501,0
9666,0
6912,0
6333,0
4285,1
3212,1
4806,0
5325,0
1236,1
2099,0
5962,0
8438,0
9546,1
780,0
8278,0
2058,1
5086,1
313,1
9753,1
7878,0
7382,0
2593,0
7359,1
2080,0
6385,1
5849,1
3422,0
2384,0
634,1
6141,1
5125,0
4204,0
4541,1
4657,0
8397,1
3613,0
9544,0
4495,0
1743,0
1991,1
3487,0
9465,1
8824,0
2745,0
6770,1
5548,1
9435,0
8926,1
5929,0
7535,0
3336,1
6409,1
6058,1
8659,1
7903,1
7470,0
2779,1
5640,1
1442,1
5092,1
4200,0
1180,0
4022,1
939,1
9281,1
8396,0
8226,1
6825,1
2449,0
9620,1
6288,0
2619,0
3163,1
8635,0
1412,1
5762,0
7717,0
4550,0
5612,0
9300,0
3797,1
3391,1
9543,0
4225,0
126,0
1466,0
3942,0
238,0
1581,1
6094,1
2570,0
5932,0
2367,0
9863,1
5684,1
6539,1
892,0
5149,0
9235,1
967,0
7767,0
5638,0
7177,0
5801,0
4229,0
6597,0
2473,0
1455,0
6344,1
8870,0
1349,1
2101,0
422,0
7991,1
3811,1
9321,1
2348,1
6567,0
4397,1
8654,1
7130,1
2703,0
8781,1
9417,0
7193,0
1375,1
3010,0
3617,0
1697,0
2827,1
5312,0
2686,1
4799,0
4920,0
866,0
7764,0
2301,1
9673,0
1677,0
4759,0
2547,0
7112,0
9573,0
8736,0
4747,1
9393,0
7713,0
1641,0
6522,0
5008,0
5680,1
3181,0
6070,0
4165,0
5108,0
1980,0
9704,0
9064,1
8539,1
6586,0
9380,0
9348,0
4795,0
4785,0
3400,0
946,0
9062,0
5206,1
6659,1
7479,0
7677,1
9735,1
9274,1
6308,0
1042,1
5984,1
1354,0
730,0
9845,0
35,1
1316,0
5429,0
6639,1
1117,1
1926,0
8041,1
1978,1
6440,0
3937,1
7005,1
9750,1
989,0
630,0
3886,1
2071,0
4724,1
692,1
2802,0
7611,1
1847,1
675,0
1739,0
7379,0
8100,0
2637,1
6528,0
6011,0
4272,0
3707,0
7116,0
4050,0
9003,0
9247,1
5704,0
1943,0
2157,0
6318,0
4482,1
1496,0
4447,0
4489,0
4088,1
3554,0
9078,0
1404,0
2929,0
9104,0
765,0
4311,1
9576,0
5233,0
2416,0
6338,1
4319,0
6502,1
4118,1
8750,0
5969,0
9883,0
6648,1
9731,1
2468,0
2690,0
6940,1
3351,0
5727,0
1052,0
1443,0
70,1
3999,0
5657,0
1489,0
398,0
5839,1
5798,0
1379,0
5303,0
4372,0
5089,1
6350,0
5186,0
8205,0
6242,1
7056,0
232,1
6831,0
3558,0
6218,1
6231,0
5485,1
1367,0
6700,0
5254,0
205,0
9322,0
2683,0
1450,1
4,0
978,0
4737,1
7350,0
8922,0
7257,0
1037,1
1822,1
6612,0
8417,0
6843,1
2568,0
569,1
8710,0
1738,0
5958,1
3242,1
9791,0
7587,0
2360,1
4836,0
1757,1
6276,0
3971,0
4887,0
7295,0
3653,0
5481,1
8139,0
5643,0
2567,1
6977,1
4781,1
4728,1
5009,0
2048,0
7395,1
5975,1
8404,0
1285,0
9102,0
6544,0
4371,1
2731,0
2282,1
5401,0
6010,0
6899,1
4659,1
8138,0
554,0
3833,0
8166,0
3700,0
8549,0
1572,1
7490,1
2958,1
2514,0
9094,1
3775,0
7605,1
8587,1
2237,0
1770,1
4031,1
268,0
3649,0
9379,0
4364,0
5525,1
6264,1
4722,1
2551,0
8121,0
5880,0
4696,0
6721,0
4783,1
5326,1
3758,0
3462,0
5695,1
5821,1
7745,1
2472,1
3281,0
9724,0
2010,1
5290,0
590,0
7267,0
1750,0
7702,1
6806,0
5119,0
9059,0
9534,1
2083,1
8062,0
3040,0
3359,1
475,0
4852,1
1843,1
87,1
4148,0
9146,1
1870,1
2314,1
5193,1
7455,1
8422,0
188,0
3199,0
9892,0
8020,1
5234,0
7635,0
8368,0
8616,0
8169,0
8340,0
8056,1
9098,1
9667,0
6339,0
5483,0
8915,0
4301,0
5970,0
7366,0
8008,0
1429,0
8504,0
2710,0
9668,0
427,1
9621,0
6511,0
7105,1
6547,0
4248,1
7668,1
5116,1
5868,1
90,0
7570,1
8882,1
743,0
7071,0
2513,0
641,1
2203,1
5633,1
3357,1
6244,1
5590,1
3507,0
6343,1
4528,0
5836,0
1032,0
1215,0
7054,0
9264,1
3364,1
5074,0
239,0
4390,1
3257,0
5675,1
740,0
1958,1
6872,1
1357,0
6979,1
1527,0
4317,0
9960,0
2678,1
1529,1
162,0
4577,0
5796,0
6553,0
1636,0
1961,0
8561,0
7770,1
9987,1
8759,0
6794,0
6692,1
2781,1
390,0
8167,0
2940,0
3236,1
9570,1
9075,1
7934,0
1010,0
5521,0
3345,1
9113,1
5935,1
9605,1
3645,0
7603,1
2595,0
2012,1
247,0
1314,1
1852,0
9233,1
2444,0
936,1
5884,0
6883,0
3131,0
8973,0
324,0
1167,1
7120,1
6763,0
1120,0
8333,1
5476,0
9737,0
6507,0
1454,0
4335,1
7091,1
4149,0
8533,0
9034,0
198,1
1300,0
143,1
8015,0
2720,0
2691,1
5729,0
6572,0
7526,0
6829,0
3549,1
4689,0
519,1
4152,1
3993,0
2622,0
8652,0
3843,1
1566,1
8011,1
6164,0
4964,0
7912,0
8677,0
5498,0
7628,0
9449,1
2865,0
6123,0
2066,0
1363,0
8168,1
4090,1
6799,0
5281,1
8477,0
7512,1
9074,0
5889,1
6952,1
7787,0
891,1
8251,0
645,1
2448,0
4598,0
6744,1
4377,1
4661,0
6101,0
5651,0
4153,0
185,0
2302,0
9674,0
2110,0
3065,1
3803,0
1139,0
7222,1
2214,1
1072,0
138,1
4813,0
2196,0
7841,1
3241,0
4834,0
8522,0
3711,0
3468,1
9153,0
1565,1
6604,0
6239,1
7939,0
2791,0
1975,0
3678,1
4880,0
7818,0
2344,1
5803,0
3059,0
8085,0
3278,0
873,0
1851,0
4244,1
9206,0
5712,0
2395,0
4007,1
2550,1
4437,1
3623,1
9408,0
2346,0
7109,1
4778,1
8718,1
9081,0
5190,0
6,0
3204,1
474,1
911,0
4202,0
5226,0
1901,0
2963,0
9489,1
9747,1
3902,1
2912,1
9833,1
2133,0
2508,0
482,0
4043,1
8554,0
280,1
338,0
4700,0
8938,0
9965,1
4493,1
7966,1
4551,0
5058,1
3110,0
4510,0
28,0
6525,1
6922,0
4136,0
8125,0
7390,1
8751,0
6002,1
2204,0
7251,0
2685,0
3703,1
4084,1
4673,0
7913,1
7882,0
5739,0
7840,0
8088,0
7099,1
5534,0
4739,0
1539,1
6451,1
5538,0
8439,0
9044,0
5852,1
2526,0
3681,0
9319,0
3909,0
7784,1
3068,0
7475,0
9782,1
1482,0
8220,0
1304,1
5792,0
4616,1
2160,0
4449,0
6206,1
6015,0
286,1
1816,0
1237,0
4167,0
3708,1
7674,0
5477,0
3754,1
5503,1
2125,1
6090,0
8578,0
4474,0
5478,1
8103,1
3072,1
9930,0
6956,0
8489,1
8186,0
5730,1
2814,0
5780,0
1825,1
2220,0
3283,0
1114,1
6364,0
4530,1
2252,0
4465,1
2223,1
7269,0
5059,0
6417,1
2636,0
5597,0
4126,0
7486,1
9061,0
5545,0
358,0
703,1
908,1
6135,0
6929,1
8109,0
5842,0
9751,0
2576,0
4714,0
7949,0
2950,1
5972,0
5945,0
8351,0
6109,0
2890,0
3237,0
1533,0
4972,1
1393,0
79,0
9217,0
3159,0
8500,0
1387,0
9036,0
3806,1
6494,1
6078,0
884,1
7186,0
7491,1
9641,1
5784,0
822,0
8758,1
5015,1
8613,1
82,0
3698,0
8398,1
3043,0
9531,1
886,1
679,0
1163,0
4044,0
7789,1
394,0
6035,0
1722,1
6859,1
7427,0
6785,0
8415,0
7173,0
5076,0
6790,0
7365,0
6052,0
7220,0
6932,1
8583,0
5189,0
3061,0
9623,1
8565,1
8511,0
7452,0
1115,0
6214,0
3433,1
4020,0
9155,0
1941,0
2291,0
1245,0
8929,0
6681,1
8296,0
809,0
2436,1
6629,0
5389,0
4651,0
3862,0
1863,0
812,1
1746,1
8633,0
1077,0
7631,0
203,0
5371,0
9052,0
3124,0
3284,0
5120,1
4540,0
1288,0
9630,1
9358,1
3718,0
2763,0
8327,1
1896,1
7471,0
2891,0
9338,0
2879,0
5467,1
7563,0
9505,0
3783,1
6387,1
977,0
8380,0
7967,1
5890,1
604,0
7426,0
492,0
4858,0
8930,1
1719,0
4838,0
9708,0
6562,0
8941,1
6012,1
7012,1
9053,0
2788,0
253,0
3470,0
8851,0
5751,0
2740,0
4791,1
5068,1
7555,0
3567,1
9461,0
9388,0
7839,0
7696,0
7534,0
6736,1
7921,0
9143,0
1823,0
1183,0
8964,1
3355,0
1919,0
6389,0
1047,0
7981,1
5048,1
8342,1
7213,1
6579,1
3058,0
1044,0
9401,0
8241,1
4346,0
6099,0
9629,0
4209,0
7145,1
6222,0
673,0
5737,1
8872,0
6323,1
6704,0
938,1
9583,1
5602,0
3314,0
8584,1
4842,1
8742,0
7943,1
547,0
5298,1
7397,0
9384,1
4239,1
4158,0
5201,0
8911,1
1299,0
5452,0
250,0
7139,0
2177,0
4361,1
1075,1
6131,0
544,0
1395,1
8744,0
4587,1
8093,0
8211,0
3650,0
4586,0
2354,0
1647,1
5368,0
241,0
2284,0
2799,1
9234,0
8888,0
6412,0
8402,1
1984,1
6886,0
6180,0
6720,1
7436,1
4935,1
8876,0
7771,0
2975,0
7529,1
3875,1
4068,0
111,0
7898,1
2397,0
1669,1
4720,0
3786,0
8514,0
4538,1
5045,1
1699,0
9901,0
2746,0
5576,0
7946,0
6995,0
6703,0
8894,1
458,0
7482,0
7272,0
4300,0
110,1
2107,0
2463,0
1678,1
933,0
6041,0
2457,0
2900,0
3955,1
4989,1
2744,0
449,0
4268,0
8729,0
2843,0
6866,0
7483,0
1833,0
2896,0
523,0
4455,0
6651,0
1355,1
6834,0
5431,0
2934,0
6500,1
7606,0
5789,1
4804,0
8806,1
8320,0
9396,1
1483,1
7196,1
3891,1
5252,1
846,0
6982,1
587,0
9638,0
4065,1
7679,0
2480,0
5447,1
9309,0
4509,0
6755,0
671,0
4631,0
676,0
13,1
7707,0
8468,0
7676,1
1714,1
1630,0
4766,0
1955,1
4947,0
1687,0
1534,0
9214,0
3767,0
5202,1
9616,0
7906,1
236,0
7656,1
4768,0
8885,0
2835,1
1104,0
137,1
8352,0
7823,0
1116,0
1315,0
9801,1
460,1
7289,1
9764,0
3992,0
9431,0
9266,0
4840,1
5756,1
7435,0
9857,0
7480,1
459,1
4472,0
266,0
5793,0
726,1
9180,1
6226,1
2527,1
9262,0
4832,0
9229,0
9410,0
6771,0
497,0
216,0
8755,0
8464,0
7000,1
6454,0
5332,0
4330,0
8208,0
10,0
9653,0
4080,1
9294,0
5519,0
6960,0
3054,1
1809,0
6330,0
167,1
4672,0
3049,0
4646,1
5974,0
7833,1
5911,0
5220,0
6683,0
9129,0
3651,1
512,1
7976,1
6255,0
8178,1
8518,0
273,0
166,0
8908,0
9050,0
2143,1
2476,1
1298,0
1593,1
2697,0
5788,0
6076,0
376,1
3675,1
5162,0
4235,0
192,1
4933,0
6039,0
8591,0
9117,0
6791,0
551,0
5156,0
7525,0
6097,1
8502,0
9261,1
8947,0
5157,0
8210,0
6772,1
667,0
2635,0
152,1
5025,0
7519,0
5843,0
2725,1
7634,0
1540,0
9517,0
282,0
2767,0
7227,0
8319,0
3325,1
5027,0
2408,0
9527,0
450,0
3045,1
4684,0
5636,1
6384,0
8117,0
4940,1
1059,1
6049,0
8783,1
7875,0
6396,0
1027,0
6342,0
3525,0
9506,0
9403,1
4585,0
4177,0
6163,0
2770,1
4758,0
7320,0
5430,0
9599,0
8315,0
1821,0
2478,1
3915,0
479,1
4733,0
880,0
6370,0
438,0
3555,1
1589,0
9944,1
4535,1
6557,0
3792,0
8023,1
2869,0
2258,0
8721,1
47,1
7038,1
8661,1
7148,0
6640,0
2646,1
4277,0
2490,0
5161,0
5906,0
2257,1
6103,1
1883,0
7373,0
8795,0
7024,0
656,1
9,0
1900,1
1210,0
6698,0
5872,0
9399,0
4809,0
7851,0
6023,1
9847,0
1477,0
3167,0
3419,1
248,0
6392,0
7830,1
4731,0
941,0
6798,0
3069,1
8901,1
1370,0
830,1
3418,0
3947,0
2607,1
7558,1
1458,0
9026,1
7043,1
6175,0
9255,0
7228,0
5513,1
2959,0
1388,1
566,1
1424,0
9439,0
2949,0
6305,0
8375,0
9856,0
1728,0
6650,1
1449,0
9165,1
1338,1
378,0
8493,0
9579,0
1153,0
7250,0
9690,0
9829,1
7971,0
2433,1
7872,1
7096,0
5369,0
92,1
2535,1
8193,0
6990,0
8384,0
2311,0
1988,1
8962,0
2013,1
7074,1
9881,1
3026,0
9135,1
271,1
9885,0
6250,1
7463,0
5557,1
9635,0
3839,0
6959,1
5943,0
9386,0
7403,0
7045,0
9569,0
2373,0
5689,0
7215,1
7200,0
5454,0
6492,0
8461,0
89,0
6853,0
4826,1
3407,1
7850,0
1003,0
9043,1
3022,0
4517,0
8527,0
5664,0
3265,0
8526,0
1726,0
3970,0
9033,0
8564,0
6595,0
4238,0
7399,1
7504,0
6211,0
2945,0
7283,1
4970,0
4171,1
9910,1
123,0
6473,1
8513,0
6038,1
9524,1
5163,1
876,1
1968,0
1918,0
4019,0
3341,0
5283,1
4950,0
1190,0
3307,1
8209,1
4075,0
4189,0
178,0
6463,1
8341,0
2234,0
8945,0
8627,0
4408,0
5152,1
1550,1
7028,0
1373,0
5772,0
4735,0
7132,1
4417,1
4180,1
8455,0
3977,0
2862,0
4326,0
2321,1
8266,1
3346,0
8971,0
3226,0
918,0
3587,1
2031,0
9164,1
3001,0
2260,0
3998,0
7794,1
7812,0
2303,1
7372,0
9485,0
9178,1
8250,0
3366,0
1416,0
7505,0
2772,0
4459,0
748,0
2009,0
4591,1
7757,0
7439,0
8400,0
5658,1
6515,1
2665,0
7211,1
3787,1
5129,1
3000,0
6183,0
1269,0
2484,0
3477,0
1397,1
7113,0
5947,1
1944,0
696,0
1238,0
7801,0
2254,0
7948,0
5907,1
4923,0
5642,1
8148,0
3136,0
2352,0
6294,0
7987,0
8262,0
9832,0
5251,0
3619,0
2097,0
8257,1
4106,0
2962,0
1796,0
7377,0
429,0
1246,1
4076,0
546,1
9565,0
3866,0
5740,0
2751,0
4788,0
3050,1
404,0
7275,0
8696,0
6510,0
2318,0
1972,1
1892,0
3677,0
4998,1
9869,0
8683,0
6051,0
441,0
8999,1
3528,1
6435,0
1094,0
8283,0
513,1
8378,0
3459,1
1217,0
8372,0
7371,0
8812,1
6230,0
8972,0
2294,1
9559,0
2210,0
7459,1
1535,1
6508,1
5139,0
1599,1
1479,0
5279,1
4143,1
8796,1
4576,0
7026,0
3813,1
5422,0
2699,0
6456,0
8944,0
3733,1
6840,0
3424,1
7879,0
9271,0
910,0
8212,0
1766,0
5709,0
8328,1
5023,0
5172,0
2207,1
6293,0
4142,0
8843,0
7122,1
9969,0
2813,0
3894,1
9479,0
7472,0
5601,0
2298,0
2672,0
7352,0
2618,1
1073,0
5360,0
1701,0
7165,1
2935,1
9432,1
9746,1
8467,1
9671,1
6734,0
1782,1
5018,0
7938,0
4383,0
9948,1
9655,0
8437,1
824,1
772,1
4079,0
1241,1
4667,0
9553,0
5832,1
3116,0
6096,0
8542,1
7370,0
9596,1
4296,0
8444,0
1802,0
2882,1
7824,0
5892,0
9990,0
5909,0
6682,0
3031,1
8324,0
8597,0
605,1
9110,1
7187,0
7495,1
7901,1
6745,0
9445,0
5616,1
3064,0
2051,0
6307,0
8828,0
4274,1
3168,1
8123,0
8763,1
7978,1
8009,1
6733,0
3822,0
8129,0
4896,1
2911,1
9096,0
4934,0
4500,1
4864,1
9414,0
9722,0
9469,0
9779,1
9215,0
1199,0
1801,1
4668,1
56,0
4388,0
9138,1
385,0
7018,1
3099,1
7354,0
8912,0
2324,1
7782,1
5571,0
5940,1
4040,0
7240,0
3556,1
9651,1
7286,0
262,0
4374,1
9875,0
2820,0
7552,0
7114,0
5327,0
1439,0
5110,0
5248,1
7339,0
183,1
453,1
8022,0
3847,0
125,1
8188,1
2050,0
608,1
2885,0
5077,1
5055,0
2674,1
8520,0
4104,0
7062,0
8932,1
333,0
8532,1
9761,0
7494,0
119,0
6726,0
4086,0
4226,0
7191,1
1690,1
6570,0
495,1
2209,0
3934,0
1990,1
8176,0
8558,0
5216,1
4547,1
2239,1
8160,0
4304,1
5697,0
2702,1
2081,1
169,0
9120,1
7925,0
4621,0
6936,1
700,0
3178,0
4641,0
8589,0
6128,0
1478,0
6073,0
7809,0
4047,1
2494,0
9249,1
8865,0
7332,1
6391,1
6106,0
6146,1
606,0
5608,0
652,1
3974,0
5046,0
6610,1
5450,0
8007,0
7856,1
3029,0
7076,0
5123,0
2144,0
4945,0
7761,0
6027,1
4897,0
7711,0
9831,0
157,0
3328,0
424,0
4690,0
9610,0
237,0
8374,0
4982,0
4561,0
6196,0
1181,0
177,0
2575,0
1561,0
8950,1
7672,0
1081,0
3333,0
184,1
7681,0
9006,0
7670,1
2235,1
4769,0
558,0
8244,0
7077,0
548,1
1654,0
9837,0
6439,0
3087,0
6877,0
5329,0
3880,0
3812,0
431,0
401,1
953,0
6369,0
9243,0
7858,0
7922,1
9326,0
7313,1
3969,1
9820,0
4511,1
4453,0
2374,0
5744,0
23,0
1220,0
620,0
7854,0
9935,0
594,0
3115,0
8,0
9943,1
7541,0
5154,1
6695,1
4568,0
1635,0
2657,0
6719,0
7233,0
3750,0
9474,1
9970,1
8407,0
8383,1
1564,1
3311,0
1855,0
4422,1
1745,0
3521,0
4181,0
2985,0
5873,1
9404,1
7376,0
1768,1
3128,0
8451,0
9720,0
4101,0
5379,0
9884,0
5634,0
4094,1
1474,0
8773,0
9323,1
5804,0
8363,0
3457,1
3130,0
314,0
9114,1
3834,1
5382,0
7138,0
7408,0
6053,0
2957,0
8425,1
3624,1
461,0
4295,0
7444,0
9347,1
6828,1
105,0
2362,0
4854,0
7208,1
384,1
4321,0
4505,1
2056,0
5210,0
3269,1
1469,0
7048,1
5352,0
4571,0
4814,0
43,1
332,0
7984,1
6765,1
405,0
8657,0
1508,0
7421,0
9182,0
7401,1
2355,1
2431,1
8852,0
4111,0
5533,1
8891,0
704,0
7310,1
4520,1
2383,0
7259,1
1102,1
6708,0
2244,0
3562,0
1767,1
4316,0
480,0
6069,1
7034,1
6644,0
9835,0
8629,0
202,0
5384,0
4207,0
1835,0
588,0
2626,1
2116,0
499,1
5425,0
2138,1
8057,0
8191,0
4401,0
4323,1
8951,0
1112,1
6618,0
3648,0
1791,0
4908,1
5621,0
4876,0
2579,0
8855,0
7335,1
6542,1
2084,0
3676,0
6668,0
179,0
7819,0
6894,0
3763,0
1992,0
997,0
3389,0
5835,1
3903,0
381,0
8910,1
4703,0
1758,0
1484,0
8844,0
2119,0
1020,1
6740,0
6520,0
890,0
7883,0
5515,0
7453,0
3991,0
8286,0
2120,0
5764,1
4139,1
7705,0
8790,1
5375,0
1666,0
2760,0
106,0
3922,0
8215,0
2633,1
5208,0
8479,1
7324,1
1705,0
4406,0
3728,0
2491,0
5504,1
9130,0
5405,0
5034,0
1154,0
8206,1
6273,0
2557,1
5464,0
6891,0
7468,1
1656,1
970,0
5517,0
8273,0
2829,0
6351,1
6792,0
6160,0
4705,0
367,1
6898,1
5778,0
1747,1
1871,0
6132,0
8049,0
69,0
4926,0
506,0
1001,1
6050,0
9011,1
8575,0
6427,0
8530,0
2453,0
7037,0
7260,0
8037,0
1729,0
5532,0
4798,0
2811,0
3340,0
4310,0
5776,1
5527,0
8463,0
9191,1
1007,0
5333,0
8925,0
1713,0
1575,0
4706,0
7891,1
7815,0
4828,0
4793,1
6543,0
7256,0
5284,0
146,1
3206,0
9686,0
68,1
2995,0
2079,0
8099,1
9711,0
1691,1
8059,0
4889,1
9807,0
9307,0
655,0
7791,1
7023,1
8357,0
5586,1
1136,0
4224,0
5572,0
3647,1
8385,0
9108,1
5550,0
1776,1
7902,0
4413,0
7199,1
6820,0
2774,0
196,1
6309,1
9159,0
6215,1
135,1
3690,0
2532,1
682,1
3869,1
4015,0
3096,1
8792,0
1097,0
4002,0
3145,1
9549,0
9196,1
1820,0
8158,1
9701,1
9717,0
7626,0
3399,1
3324,1
1914,0
2225,1
7244,0
6526,1
2681,1
3680,1
4656,1
3152,0
1202,1
4176,0
9693,0
9760,0
8862,0
1074,1
9088,0
3860,0
2074,0
7572,0
3688,1
9480,0
2708,1
3200,1
3343,1
7392,0
4107,0
9361,0
3146,1
713,0
19,0
3119,0
1125,0
3361,1
3683,0
9730,1
6005,0
8307,1
6915,1
65,0
2798,0
9092,0
8082,0
6311,1
2304,1
3845,1
8820,0
8998,1
3573,1
7804,0
778,0
1471,0
2688,0
5433,0
7601,0
8789,1
3981,0
5781,1
5676,0
8536,1
8274,0
6881,0
3529,0
5072,1
8086,0
8988,0
580,0
4797,0
6373,1
9627,1
5646,1
3439,0
5407,0
7510,0
9508,0
306,0
2388,0
9071,0
1179,0
5297,0
4985,1
7596,0
3245,0
9335,0
3637,0
5451,1
6582,1
9141,0
8108,0
8825,0
4879,0
7590,0
369,0
6368,0
9360,0
3512,0
8073,0
2748,0
3824,0
1686,0
9602,0
8433,1
264,0
7888,0
3620,0
215,0
5856,0
1570,0
3413,0
6664,1
2206,0
4331,0
801,0
6381,0
4596,1
7633,0
7544,1
7423,0
7935,1
3505,1
9315,0
3102,0
8276,0
4782,1
725,0
6864,1
1552,1
7497,0
8835,0
5663,0
9858,1
7547,0
9387,1
961,0
8523,1
542,1
8192,0
261,1
2021,0
6199,0
4373,0
395,1
8827,0
7349,0
8849,1
2825,0
8310,0
8559,0
2696,0
576,1
7243,0
7580,0
9577,0
8779,0
8570,0
7972,0
425,0
9311,0
5672,0
2286,0
3885,0
4382,1
7625,0
4141,0
4380,1
7047,1
1898,0
562,0
3313,0
7860,1
5029,1
7743,1
3953,0
6474,1
4711,0
1999,1
7355,0
2764,1
6192,0
1051,0
9017,0
7098,0
9218,0
5952,1
1286,1
1151,0
4151,1
4336,0
2795,1
5588,1
7093,1
1501,1
8804,1
9340,0
1569,1
3240,1
7639,0
8079,1
7775,0
7682,0
6673,1
7338,0
1204,1
4488,0
6876,0
9022,0
974,0
9136,0
7095,0
3965,1
4811,0
8060,1
7143,1
8948,0
9777,1
2976,0
6914,1
4492,0
7487,0
526,1
7644,1
4686,1
2991,1
8316,0
6195,0
9493,0
8027,0
6594,0
7944,1
8355,0
3090,0
6268,0
1076,1
9426,0
9917,0
7184,0
7086,0
2902,0
5615,1
5741,0
4184,0
3034,1
619,1
6291,0
1028,0
3760,1
4288,0
6476,0
3233,0
96,0
8288,0
5235,0
2299,1
9481,0
5851,0
4099,0
6483,0
7409,0
326,1
2479,1
5145,1
2860,0
2123,0
2543,0
8713,0
6686,0
6354,0
4715,0
2925,0
794,0
8230,1
6660,1
4644,0
6705,0
2192,0
2641,1
8622,0
4629,1
8038,0
6584,1
502,0
5061,0
9727,1
9783,0
6662,0
407,1
4328,0
1203,1
5022,1
2200,1
2368,1
5977,1
2279,0
1783,0
5560,1
7194,0
5765,0
994,0
5930,1
2687,1
5121,0
7661,0
3368,1
6386,1
8976,1
4845,0
4004,0
8868,1
4658,0
7117,0
7,0
4915,0
7462,1
3360,1
9216,1
2176,0
678,1
1291,0
2715,0
6185,0
5847,0
728,1
3066,1
3042,1
8216,0
6782,1
6657,0
8291,0
6793,0
9084,0
7565,0
626,0
2198,0
4426,0
8376,0
4825,1
8601,0
8446,0
7327,0
987,0
7573,0
4205,0
2174,0
3021,1
8624,1
9080,0
3588,1
9931,0
2724,1
3387,0
3749,1
8450,1
9700,1
6807,0
5070,0
3890,0
9441,0
1804,0
4578,0
7068,0
1928,1
9211,1
8347,0
7593,0
6601,0
7217,0
9418,0
7413,0
9702,1
3187,0
7469,0
194,0
7329,0
1840,0
8043,0
9021,0
959,0
9841,0
7477,1
6422,1
6054,1
336,0
889,0
4650,0
7604,0
5881,0
3280,1
54,0
2202,1
4579,0
6564,0
2780,0
1653,1
9880,1
2660,0
11,1
1475,0
1071,0
6850,1
1054,0
5914,0
1861,0
6913,0
4863,0
2942,0
6641,0
4355,1
9659,0
6961,0
2063,0
5745,1
1895,0
2028,1
4056,0
9389,1
8576,0
6240,0
4116,0
5378,1
9989,0
3791,0
2806,1
9177,0
8754,1
906,1
1848,0
2401,0
3384,0
3962,0
109,0
14,0
9830,1
4633,0
9282,0
1660,0
1790,0
7783,1
2325,1
8916,1
829,0
4730,1
7863,1
4961,1
5381,0
308,1
1317,1
5874,0
5351,0
5853,1
2308,0
7931,0
8676,1
9364,1
1497,0
5259,0
3007,0
609,1
2076,0
9226,1
6232,0
6892,0
883,0
9842,1
2456,1
3687,1
653,1
361,0
2053,0
536,1
774,0
3590,0
6981,0
6905,0
6297,1
3432,1
7810,0
1516,0
170,0
6213,0
7206,0
2469,1
9188,1
7419,1
2583,0
7499,1
1453,0
3769,0
4682,0
1371,0
1498,1
3609,0
4904,1
7599,1
6931,1
709,0
1628,0
154,0
3227,0
3798,1
8605,0
8895,0
6367,1
677,0
9905,0
2273,0
2007,1
3721,0
9815,0
5026,0
3316,1
7755,0
1328,0
4183,0
9798,0
3435,1
3656,0
6234,0
4507,0
473,0
9897,0
6858,0
7297,0
140,1
2689,0
254,0
2183,0
8074,0
4416,0
6328,0
2171,1
3198,0
4927,0
9896,0
644,0
1577,1
4741,0
7797,0
9707,1
8456,0
6270,0
4338,0
347,1
5828,1
8731,1
1521,0
1634,1
4590,0
6236,0
5541,0
1935,0
9972,0
7548,0
4593,1
8871,1
5221,0
831,1
9473,0
3705,0
5328,1
8863,1
4536,1
9790,0
2042,1
4434,0
8143,1
7369,1
8498,1
2562,1
6170,0
3282,1
3253,1
7465,0
7252,0
5752,0
3544,1
4978,0
7632,0
2951,1
9073,1
874,1
5606,1
8869,0
5185,0
1318,1
4539,0
9086,1
581,0
9105,1
7518,1
9286,0
4154,0
714,1
7161,1
3464,0
627,0
7415,0
8937,0
2145,0
1609,0
3532,1
4655,0
3518,0
6781,0
2364,1
7724,0
6795,1
9954,1
638,1
6219,1
1359,0
9554,0
5436,0
5910,0
7731,1
8847,0
260,1
6138,0
2004,0
8409,0
4954,1
107,0
1605,0
2700,1
6803,0
9205,0
1761,1
2141,0
3223,0
5442,1
9598,0
949,0
9433,0
3449,1
8788,0
4680,0
2964,0
7478,0
9222,1
5200,0
5227,1
3420,1
3730,0
6837,1
6110,0
8509,0
624,1
6363,0
8995,1
9937,1
9197,0
6284,0
1186,0
6187,0
3154,0
8269,1
9049,0
402,0
9555,1
8645,0
7431,0
3121,1
4356,0
2773,0
9736,0
5618,0
2407,0
2552,1
8952,0
4928,1
4548,0
1340,0
9167,1
1273,1
7172,0
5408,0
7965,0
5647,1
7805,1
9316,0
5136,1
1762,0
8793,0
8025,0
5522,0
2323,0
7170,0
9330,0
2892,1
5274,1
2848,1
4012,1
2106,1
3825,0
1784,0
1410,0
7119,1
3667,1
8344,0
4943,1
2086,1
8684,0
622,0
7585,1
2754,0
2093,0
3986,1
4010,1
568,0
133,1
3141,1
2278,1
3008,1
3077,0
1006,0
690,0
3923,0
161,0
1110,0
1085,1
1158,0
2778,1
3261,0
6316,0
4839,1
2972,0
5014,0
9116,0
1046,0
3041,0
1121,0
9276,1
4775,1
8890,1
2620,0
2117,1
7020,1
3184,0
6043,1
6561,1
2955,1
2732,1
2992,1
6077,1
6036,0
4367,1
9093,0
164,1
4762,0
2563,1
7344,1
6677,0
9991,0
4250,0
8760,0
6445,0
9759,0
1884,0
9054,0
8058,0
1676,1
3571,0
7025,0
681,0
966,0
5918,1
8033,0
2528,0
5705,0
3889,0
9040,0
6517,0
2402,1
4134,1
6617,0
6480,0
2159,0
538,0
2938,1
4957,0
9230,1
9337,0
7381,0
9660,0
2382,1
1949,1
9412,0
3566,1
4892,0
8981,0
7488,0
7425,0
5099,1
8184,1
6191,0
2495,0
7964,0
843,0
5669,1
5990,1
7894,1
3100,1
9985,0
662,1
3113,1
3028,1
6838,0
2175,0
3988,1
3738,0
6927,1
7936,1
9170,0
1685,0
8949,1
3820,1
7620,0
172,0
5432,1
7380,0
1465,1
5665,0
6108,1
5173,0
5102,0
8457,0
6885,0
7715,1
8373,0
508,0
2039,1
2905,0
4872,0
4996,0
8298,0
7554,1
8984,1
1515,1
4212,0
4241,1
5584,0
706,1
5043,0
763,1
465,1
5460,1
6844,0
9603,0
9035,0
9977,1
9745,0
3086,1
5502,0
4612,1
5938,0
2306,0
5411,1
6184,0
7506,1
1486,0
6352,0
6418,0
3790,0
1301,0
7015,1
2195,0
1428,1
7629,0
8236,0
3694,1
1583,0
9111,0
8132,0
3403,0
4635,0
1091,1
6764,1
6759,0
9267,0
2587,1
1057,0
8420,0
4818,0
837,0
6478,0
3174,1
4544,0
8119,0
3148,0
2944,0
7106,0
4215,0
4891,0
3101,1
8294,1
3584,0
516,1
5144,0
6779,0
1956,0
18,1
9774,0
893,0
7440,1
2704,0
2033,1
6212,0
1587,0
144,1
3428,1
9015,0
8748,0
6177,1
2386,1
8102,0
9038,1
4546,0
2581,1
3055,1
3575,0
6491,0
8720,0
9079,0
7118,0
1389,1
7033,1
2353,0
2091,0
7293,0
1191,0
9612,0
8252,0
366,0
8318,0
3821,1
6749,1
2168,1
288,0
896,1
9471,0
4484,1
4190,1
5387,1
4638,0
9587,0
6095,1
3268,0
2999,0
5593,0
2738,0
7885,0
2623,0
6991,1
9626,0
2049,0
7957,0
1662,0
2161,0
6986,0
443,0
5203,0
9293,0
7036,0
4276,1
3259,0
5944,0
6046,1
2604,1
5886,0
9888,1
7500,0
2216,1
6365,0
3024,0
8662,0
3927,1
6679,1
2990,0
7100,0
3781,0
3830,1
2823,0
3019,1
6399,0
5950,1
373,0
3118,0
9529,0
2450,0
7941,0
4558,1
9887,0
8687,0
9637,0
9696,0
3501,0
4418,1
3778,1
7171,0
4979,1
9675,0
9455,0
1129,0
6259,0
2977,1
6436,0
8639,1
9194,0
9500,1
6355,0
1472,1
9442,1
1525,0
7747,0
6254,0
2597,1
7017,1
8322,1
6658,0
1989,0
1056,1
4994,0
6059,0
7288,0
633,0
3378,0
5280,0
3454,1
9349,1
9961,0
8515,0
5020,1
3881,0
7073,0
6585,0
1929,0
1174,1
5742,0
9904,0
4230,1
6884,0
9757,1
3836,1
7714,0
5870,0
1398,0
2280,0
1293,0
301,0
2240,0
4345,0
6917,0
964,0
9395,0
7864,1
7445,0
9005,0
8427,0
4846,0
973,0
3475,0
5347,0
3412,0
3670,0
2423,0
1267,1
8739,0
875,1
6223,0
719,0
6420,0
259,0
747,0
8335,0
7622,0
8387,0
7485,1
4849,0
7210,1
4701,0
8505,0
9365,1
2872,0
2139,0
1105,0
6776,0
4756,1
8019,0
527,0
3776,0
3914,0
5966,0
9799,1
899,1
8198,0
6246,0
7336,0
8432,1
6724,1
6024,1
3354,0
9370,1
5903,0
2616,1
610,1
4163,1
388,0
570,0
103,1
3904,1
8030,1
2749,0
1234,1
218,0
8111,0
5207,0
9089,1
3726,0
5051,0
7502,1
1829,0
8136,1
4718,0
6225,0
3714,1
5902,0
5641,0
5480,0
4882,0
5840,0
2288,1
1689,0
9483,0
9101,1
5905,1
9312,1
8177,0
6830,1
3358,1
9407,0
1214,0
7474,0
2766,1
8349,0
2580,0
9743,0
2845,1
9268,0
8600,0
4906,1
3135,0
3657,0
5097,0
8579,1
5394,0
4949,0
4292,0
6443,0
6742,0
2088,1
2272,0
921,0
2889,0
1718,0
63,1
4752,1
7868,0
5925,0
7723,0
9220,0
8674,0
4761,0
4666,0
6107,0
1560,0
1567,0
8483,0
5091,0
3219,1
9597,1
6987,0
4871,0
3828,1
6926,0
3142,1
9305,0
1818,0
1159,0
8299,0
7467,0
370,0
5720,1
2849,0
36,0
823,1
2573,1
670,1
1033,0
4366,0
9504,0
7543,0
3215,0
297,1
5493,0
1009,1
5619,1
8842,0
1140,0
1434,0
5706,0
7055,0
7316,0
8800,0
8194,1
3112,0
4830,0
7866,1
4023,1
1061,1
6416,1
2804,1
3959,1
4675,1
7040,1
1122,0
9329,0
5924,0
1447,1
2127,1
2015,1
8284,0
6774,0
1799,1
1342,1
870,0
6475,1
6645,1
9366,0
9183,0
9346,0
913,0
3503,0
6162,0
4458,0
9440,0
6310,1
4427,1
2085,1
7740,0
9085,1
6071,0
2179,0
759,1
861,0
1703,0
1216,0
6153,0
3509,1
1155,1
3196,0
8737,0
6689,1
3844,0
5013,0
4688,1
571,1
9810,0
6274,1
4802,0
3553,0
4637,0
9906,0
4456,0
2786,0
6530,0
4078,0
1938,0
7347,1
9193,0
4773,1
1672,0
5887,0
2251,0
8090,1
6758,0
7983,1
3802,1
5829,1
9691,1
7496,1
6397,1
6882,0
8508,0
8832,0
9780,1
9614,0
9179,1
8104,0
640,0
6393,1
6810,1
6921,1
4341,1
832,1
9448,1
6085,0
7645,1
3652,0
3724,0
2722,0
6907,0
1830,0
7893,0
6633,1
7008,0
1209,0
150,1
6766,1
3447,0
8162,1
1103,1
6009,1
8106,1
8247,0
5967,0
8774,0
5276,0
9535,1
1015,1
5614,1
4913,1
8303,1
501,0
7433,0
3098,0
9014,0
1460,1
9676,1
149,0
7266,0
8993,0
6801,0
3075,1
8747,1
8330,0
9482,0
408,0
2838,1
6269,0
8445,0
199,1
9979,1
1752,0
2366,1
500,0
1088,0
7848,1
6631,0
7918,0
8673,1
8856,0
5322,0
9422,1
7582,0
1684,1
9974,0
5845,0
8733,1
9334,0
2808,1
7121,0
9447,1
1040,1
8548,0
6203,1
4232,1
6962,0
6743,0
8638,0
4468,1
8703,1
777,0
9280,0
3301,0
8350,0
2163,0
3297,0
4135,1
5082,1
805,1
4946,0
4217,0
4150,1
917,0
2428,0
6320,0
5611,1
5688,1
9936,0
5367,1
2095,1
5722,1
8837,1
3094,0
3704,0
6411,1
6583,0
9083,0
7799,1
2419,0
9137,0
8585,0
7325,1
2005,0
2128,0
2645,0
7253,0
7388,0
7067,0
539,0
8707,0
1945,0
7730,0
5773,0
7101,0
9946,0
5883,0
5346,0
5104,0
2256,0
3144,0
9606,0
6129,0
7734,0
3729,1
4352,0
7716,0
5901,0
3779,1
382,1
2349,1
8641,1
4198,0
4294,0
8695,1
4856,1
9581,0
7822,0
9174,1
928,0
9806,1
756,0
8289,0
2030,0
1578,0
2017,1
3263,1
8265,0
5824,0
9729,0
2654,0
5197,0
9749,0
9902,0
9125,0
8039,1
6519,0
8978,0
8475,0
5000,1
6285,0
8029,0
1377,0
463,0
1099,0
2939,1
1080,0
7721,0
4219,1
1362,0
4297,1
900,1
9925,1
5317,0
4981,1
798,1
7927,0
3430,1
1709,0
3572,0
3320,0
3495,0
7230,1
6826,0
1403,0
5537,1
8127,0
7793,0
5662,0
356,0
5766,1
4262,0
3855,0
1723,0
7255,0
3983,0
7064,0
530,0
3598,1
6702,0
1886,1
7877,1
8165,0
621,0
483,1
5362,1
9812,1
3014,0
5374,1
6158,0
5424,1
4271,0
8149,0
8232,0
2232,0
7224,0
4901,0
9542,0
4349,0
592,1
1402,1
5004,0
2680,1
6169,0
4444,1
1492,0
6238,0
6198,0
3299,0
3861,1
3177,0
6136,1
3884,0
7378,0
468,0
6965,0
6974,1
6227,1
6895,1
484,1
1787,0
8873,1
6697,1
8780,1
8619,0
3202,1
5926,0
8560,1
1696,0
8798,1
755,0
8899,1
7041,0
7027,1
9464,0
9400,1
1887,0
3247,1
8126,1
6118,0
7999,0
9860,0
4810,1
9738,1
2627,0
1846,0
4391,1
5867,1
9813,0
9024,0
9369,1
7769,0
6523,0
5474,0
2104,1
761,0
6643,0
1585,0
1795,0
4652,0
2970,0
3808,1
1084,1
3033,0
5719,0
7029,0
6237,0
3579,0
9593,0
1661,1
2789,0
7404,0
1386,0
3759,0
5240,1
5215,0
1332,0
6768,0
8496,0
4716,0
9770,0
418,1
4290,0
9891,0
4073,0
5500,1
4178,0
1228,1
791,0
3578,1
371,0
8955,0
8761,0
7950,0
1874,1
6189,0
528,1
2289,0
9818,0
2655,0
4424,0
9513,1
3551,0
6527,0
7646,0
2191,0
1930,0
3003,0
5885,0
3445,0
1002,1
6081,1
2485,0
8653,0
5539,1
7758,0
5019,0
6182,1
7080,1
1794,0
8112,0
8982,1
6026,0
3689,1
8813,0
6032,0
818,0
1133,0
9115,0
5917,0
2069,0
577,1
7559,0
4997,1
693,0
736,0
221,0
603,1
5134,1
511,1
8491,0
2165,0
53,0
6466,0
5304,0
7890,0
5946,1
5644,0
1659,0
9854,0
7896,0
6537,0
7022,0
3258,0
4160,1
3945,1
7254,0
1693,0
5869,0
6290,1
2003,0
6635,0
2044,0
9922,0
5524,0
4984,0
4348,0
4917,0
3070,1
5204,0
8233,0
1915,1
9607,0
7659,1
9284,1
8663,0
6120,0
5239,0
7566,0
9622,0
145,1
8802,0
1348,1
8510,1
2884,0
5159,0
4898,0
1803,0
9975,0
2246,1
3386,0
7322,0
7417,0
9283,1
6647,1
6061,0
3994,0
9999,0
6602,0
615,0
3458,0
9333,1
3926,1
2261,0
1711,0
5489,0
1432,0
7362,0
8369,0
3654,0
117,0
4833,0
9644,0
1187,0
6313,0
872,0
3156,1
283,0
5535,0
5406,1
8538,1
2659,0
1343,0
9128,0
5589,1
9212,0
6512,1
3785,1
101,1
1710,0
9327,0
4404,1
3685,0
448,0
2847,0
8005,0
4476,0
7649,0
9507,1
4853,0
7539,0
9065,0
8348,0
8065,1
2016,0
3169,0
2018,0
6088,0
7123,0
2500,0
9107,1
802,1
3646,0
9162,1
2250,0
9955,1
7174,0
4082,1
9689,0
7009,1
3511,1
6699,0
1594,1
9816,0
3541,0
5599,1
9023,0
4307,0
561,0
1755,0
2446,1
815,1
3810,0
574,0
4745,1
5855,0
2736,0
9921,0
3513,1
1188,1
5122,0
6432,0
628,1
2628,0
5822,0
6021,0
4968,0
2663,0
9287,0
8547,0
3542,0
2247,0
4358,0
1419,0
931,0
2709,1
3195,0
9424,1
9201,0
327,1
2488,0
2390,0
6997,1
1135,0
4096,0
4549,0
3580,0
4995,0
7142,1
9918,0
1633,1
4794,0
1147,0
7837,1
944,1
6958,1
1623,1
9825,1
8034,0
2067,1
6202,1
9099,0
3036,1
6787,1
3030,1
134,0
6142,0
9683,0
7838,0
2342,0
639,0
2836,0
6378,1
1986,0
5783,0
520,0
4041,0
2105,0
1137,0
230,1
8014,1
3260,1
6495,0
1888,1
7685,0
9957,1
4628,0
4694,0
5734,0
5269,1
8116,0
1771,1
5678,1
5383,0
4753,0
6613,0
5555,0
1329,0
8965,0
1394,0
6245,1
8465,0
2625,1
8521,0
4144,0
4315,0
4710,0
2826,0
7576,1
5687,0
5942,0
5028,1
8207,0
2162,0
926,1
8860,0
1307,0
7808,0
3309,1
2052,1
6599,0
3661,1
2148,0
9681,0
9685,1
5693,0
3879,0
3448,1
8012,1
6156,0
1810,1
1860,0
5472,0
5277,1
1965,1
1618,0
3606,0
8264,0
4697,0
6994,1
1909,0
3917,1
1271,1
6173,0
7097,0
3426,0
6116,1
9654,1
9682,1
8655,0
7321,1
1841,1
845,1
5949,0
7996,1
9239,0
3732,1
2496,0
1306,1
4122,1
9933,1
6777,1
8053,0
1150,1
8986,0
4350,1
5117,0
2222,0
5991,1
4776,1
2417,0
2271,0
9631,0
9956,0
8426,1
4035,1
2815,0
1396,0
3782,0
6968,0
9669,0
7652,0
8953,0
7520,0
7947,0
1257,0
7862,0
4421,0
6671,0
2186,1
5,0
6460,1
8258,1
784,1
4085,1
4865,1
2024,1
7970,0
5497,0
1530,1
5750,0
6607,0
292,1
8495,0
7151,1
2319,0
9139,0
6301,0
9511,1
2603,0
9788,1
5007,1
364,0
9301,1
1772,0
7756,0
2705,0
330,1
6066,0
7528,0
3306,0
9582,0
9568,1
6194,1
1998,1
9993,0
1327,0
1369,0
4081,1
3467,1
1281,0
114,0
3005,0
9882,0
6942,1
8128,0
9302,0
840,0
304,1
4240,0
6541,0
2880,0
5198,0
7149,0
9341,1
5508,1
1096,0
5445,0
6419,1
9248,0
2782,1
8394,1
1625,0
132,0
1962,0
7663,1
7765,1
7658,0
7861,1
9175,0
3564,0
6970,0
915,1
8618,0
2876,0
2229,0
8424,1
32,0
9645,0
317,1
8187,1
3602,1
754,1
9208,0
3925,1
360,1
4399,0
7772,1
3416,0
5302,0
6216,0
9772,1
3936,0
7159,0
6450,1
4284,0
4074,0
7914,0
7614,0
6711,0
142,0
3943,1
1452,1
8064,0
9548,1
1462,0
1751,1
9868,1
7706,1
9981,1
323,1
7134,1
5767,0
6168,0
3404,1
4179,0
5667,0
4191,1
5653,0
5094,0
9804,1
2594,0
1897,0
999,0
5699,1
191,0
1063,1
7545,1
457,1
78,0
6126,1
9778,0
9796,1
9434,0
7998,0
2429,0
7214,0
1859,0
4639,0
5656,0
3322,0
2667,1
6193,0
3693,0
6204,1
8297,1
8054,0
5617,0
3933,1
788,0
5674,1
9419,1
2721,1
5861,1
3488,0
3275,0
6943,0
5349,0
7768,1
8213,0
4619,1
5218,0
7610,0
5976,0
5096,0
9600,1
1704,0
6410,0
9766,0
1128,1
7416,1
1682,0
8889,1
1568,0
7688,0
3522,0
1242,1
3492,1
3771,0
5833,1
2753,1
8765,1
7394,0
7900,0
2656,0
8189,0
3290,0
5808,1
348,1
2060,0
8776,0
545,0
8390,1
4419,1
3819,1
9438,1
8182,0
6788,0
8239,1
3644,1
8361,0
2793,0
85,1
6950,1
6326,0
5305,1
8626,1
7867,0
3546,0
8606,0
3155,1
7181,1
4108,0
7584,1
8101,0
3671,1
7699,1
8431,0
1868,0
1262,0
1305,1
5939,0
3377,0
1280,1
1885,1
7035,0
7305,0
42,0
3514,1
2006,0
1763,0
6133,0
9041,0
7508,1
5361,0
894,0
3506,0
4196,0
3919,0
2,0
5922,0
4527,0
923,1
4353,1
2178,1
710,0
5078,0
7618,0
6113,0
9661,0
5573,1
510,0
7021,0
6653,0
2330,0
39,0
5265,1
7374,1
705,0
2559,0
7915,1
8541,0
6504,0
1161,0
1953,0
5400,0
1507,1
8042,1
71,0
4808,1
4378,0
9354,0
9817,1
6722,1
3203,0
8071,0
2509,0
7209,1
9805,0
663,0
9069,0
9299,1
4499,0
5114,1
8163,0
8105,1
1132,1
4521,1
4466,1
4092,1
2904,0
3334,0
1172,0
2147,1
8413,0
4683,0
8642,0
5463,0
4133,0
423,0
1645,0
3216,1
3788,0
9984,0
2961,1
668,1
3928,1
365,0
337,1
3794,0
8992,0
4636,1
5631,1
6784,0
5577,1
6649,0
9819,0
4203,0
6957,0
5501,1
665,0
2831,1
3262,1
8756,0
9547,0
5141,0
7216,0
1494,0
7762,0
1374,0
7454,1
6115,0
2149,0
517,0
2546,0
6321,0
3835,1
2996,1
8482,0
2974,0
7226,0
1781,0
9260,0
6737,0
7136,0
4273,0
5309,0
1451,1
5707,1
9314,1
3519,1
2208,1
2393,0
287,1
6157,1
5466,0
6149,0
8256,0
8556,0
9709,0
6205,1
9672,0
1196,0
2937,1
3924,1
7357,0
8598,1
7088,1
8285,1
3872,0
4929,0
2377,1
879,1
2759,0
6816,0
8423,0
1385,1
5263,0
1597,0
3393,0
2443,1
1893,1
3966,0
6000,0
2233,1
4812,0
8699,1
1595,0
6532,0
4423,0
5100,1
9914,1
4914,0
3410,1
8734,0
4110,0
6863,0
72,1
789,0
5814,0
9466,1
2129,0
5469,0
2519,0
6516,1
1297,0
7750,0
1698,1
4501,0
6414,1
6800,0
9375,0
3543,1
8959,0
7569,0
7673,0
9800,1
9046,1
9852,0
5879,0
6044,0
3910,1
1023,0
9710,0
2287,1
1201,0
4303,1
9297,0
4477,1
2455,0
1987,1
4018,0
5031,0
4485,1
8810,0
9632,0
1406,0
7317,1
7650,1
2521,0
4894,0
3243,0
2796,1
9562,0
410,1
2340,0
6735,0
3534,1
6018,1
8680,0
4259,1
2156,0
860,0
7933,0
6712,0
821,0
5150,0
2640,0
3740,1
7466,1
5044,0
691,0
3271,1
5549,1
6730,0
1526,1
2718,0
5760,0
3180,0
4325,0
2516,1
7169,1
9848,0
5176,1
3298,1
4748,0
3951,0
4170,0
7192,0
2333,1
5066,0
9850,1
9522,0
4162,0
4873,0
4009,1
3038,1
3725,0
5575,0
3312,0
6324,0
5270,0
3508,1
8290,1
3134,1
1319,1
9578,1
4866,0
1308,1
1657,0
2461,1
3916,0
3901,0
8260,0
6780,1
929,0
8098,1
1089,0
2965,1
1111,1
2335,0
9241,1
9154,1
3568,0
2023,0
3402,0
4312,1
5420,1
2043,0
9460,1
8292,1
4384,1
8529,0
3932,0
3023,0
5692,1
9007,0
3878,0
4267,0
2499,1
470,0
5223,0
6467,0
2728,0
8470,0
359,0
4334,0
3515,1
2857,0
4649,0
1197,1
2966,0
1665,0
1967,0
7648,1
3051,0
1650,0
4861,1
8434,0
8631,1
6176,0
3,1
2946,0
8665,0
6423,1
8819,0
7578,0
5625,0
611,0
2180,0
2061,1
3550,1
2187,1
2227,1
6152,1
3517,0
3138,1
8864,0
9853,0
7532,0
8317,0
1769,0
1184,0
5570,0
234,0
4024,0
623,0
8994,1
4354,0
2840,1
4026,0
8261,1
5661,1
715,0
1865,0
3217,0
2136,0
2908,0
6406,0
7746,1
7963,0
2020,1
4429,1
2218,0
8592,0
7094,0
8979,0
8295,1
7557,0
2677,0
8035,1
857,0
5819,0
9633,0
775,0
4611,1
632,0
6092,0
1232,1
6575,0
1854,1
842,1
3437,1
8240,1
9503,0
8228,0
9794,0
5920,1
2341,0
3638,1
8096,0
5826,0
8769,0
3373,0
8974,0
5388,0
924,0
1278,1
2277,0
9519,0
5683,1
5084,1
5775,1
3375,1
9291,0
3805,1
4623,0
9416,0
5295,0
3631,1
9186,1
9967,1
9000,0
4037,1
99,0
5800,0
421,0
6693,0
6893,0
4454,1
8454,0
1904,1
210,0
6620,1
3826,0
6329,1
4532,0
4719,0
684,1
9878,0
5479,0
7323,0
279,0
3317,0
1041,1
9037,0
598,0
3635,0
129,1
1195,0
903,0
5810,0
2078,0
4610,0
8131,0
4952,0
8473,1
8153,1
1356,0
1170,0
1068,1
2903,0
7602,0
8172,1
9898,0
9924,1
2268,1
5963,0
3473,0
104,0
8700,1
8914,1
5307,1
9558,1
6804,0
7345,0
9254,0
7207,0
6125,0
8537,0
5755,1
9240,0
2643,0
383,0
7393,1
7591,0
8927,1
5492,1
4555,1
4496,0
4734,1
5036,0
8190,1
2070,0
3795,1
9563,0
34,1
7493,1
1510,0
9839,0
341,1
9758,0
8202,0
4490,0
3089,0
979,0
7078,1
4195,0
4816,0
229,0
797,0
8621,0
3318,1
8519,1
1951,0
2376,0
6030,1
7319,1
5417,1
6282,1
4478,0
9428,1
4115,0
2854,0
9608,1
3383,1
7546,0
4428,1
6589,0
4089,0
6605,0
8738,1
3893,1
4402,0
9228,1
6281,0
4991,0
1260,0
8608,1
4709,0
3870,1
2100,1
481,0
9010,1
4061,1
233,1
9911,0
7276,0
1910,0
2064,1
7982,1
6429,0
1828,0
3829,1
9427,0
2167,1
4909,0
6029,1
1279,0
3286,0
3850,0
9192,1
1717,0
5083,0
8004,1
7910,1
2329,0
7816,1
5003,1
5716,0
868,0
3952,0
9756,0
2819,0
5183,1
7058,1
8487,0
5287,1
6266,0
6374,0
8726,0
1916,0
1814,1
6856,0
5323,0
8785,1
1813,0
1108,0
8609,1
2399,0
3577,0
1571,0
2356,0
2606,1
9058,0
3444,0
6634,0
2077,0
3479,0
2611,0
6852,0
1048,1
7627,0
9889,0
6655,0
1461,1
3394,0
9042,1
6062,0
7928,0
7185,0
2979,0
3745,0
7977,1
9552,0
9342,0
3561,1
8900,0
1476,1
4105,1
1663,0
9156,0
5748,0
3082,0
2757,1
5547,0
6985,0
6536,0
6969,1
7874,0
4255,1
8620,0
3289,0
6481,0
6775,0
5759,0
6493,0
1313,1
3229,0
6252,0
6805,1
2993,0
4888,0
8418,0
7536,0
2337,0
2038,0
984,0
1226,0
6739,0
1733,0
5495,0
5682,1
5292,1
9013,0
828,1
7600,1
6767,0
2868,0
4005,1
7346,0
3982,0
5578,0
2465,0
2642,1
5553,0
8740,1
1970,1
1862,1
4907,1
6484,1
1694,1
8808,1
4599,0
7400,0
4127,0
6506,1
7959,1
9537,1
1,1
6563,0
1502,0
3595,0
7886,0
127,0
8044,0
5065,0
1724,1
6716,0
3249,1
1732,0
4749,0
6675,0
902,0
7010,0
535,0
8282,0
8711,0
8816,1
4487,0
3668,1
58,1
8859,0
62,1
1638,0
4396,0
4114,1
7845,0
6033,0
300,1
7889,1
7636,1
8305,0
8801,0
4679,0
6937,0
1358,1
4125,0
9843,0
1255,1
8308,0
8287,0
8675,0
7594,1
2953,0
1038,0
3756,0
197,1
7271,0
4847,0
5806,1
5516,0
6593,0
537,1
6878,0
1912,1
7179,0
9060,0
1383,1
4446,1
8517,0
9705,0
5632,0
9716,0
4132,0
2317,0
8611,0
6869,1
2421,1
2370,0
4963,0
4559,0
2313,0
7847,0
8180,0
3747,0
8741,1
3984,1
8293,0
5761,0
4966,0
9698,1
2711,0
9200,1
7549,1
685,1
7671,1
4763,1
1464,0
8281,1
1034,1
4185,0
6034,0
345,1
6524,0
5512,1
2121,0
7070,0
91,1
3674,0
2242,0
7341,1
9680,0
839,0
2396,0
4155,0
2586,1
1227,1
9150,1
1490,0
985,1
7940,0
9871,0
3442,0
7450,0
4363,1
6901,0
9090,1
5714,0
4754,1
4192,1
7406,1
2001,0
2430,1
4289,0
6395,0
958,1
981,0
6839,1
750,1
8408,0
2243,0
6509,0
8701,1
5475,0
3330,0
4615,1
4197,0
4604,0
4767,1
6004,0
318,0
30,1
8203,0
2839,1
3499,1
9118,1
1361,1
4554,0
5275,0
3876,1
1546,1
3949,0
7158,1
9488,0
1877,0
9443,0
683,0
8336,0
3406,0
4270,0
6715,0
2394,0
4975,0
3746,1
6298,0
3913,0
7825,0
7410,1
7030,1
7292,0
4712,0
3205,0
8066,0
2387,0
8656,1
1773,0
7294,0
9574,0
9492,0
153,0
3414,0
8630,0
5010,0
1812,0
4308,1
3559,0
466,0
9836,1
8712,0
2347,0
9763,0
9665,1
7175,0
3238,0
9250,1
1481,0
7911,1
8836,1
5928,0
7989,0
9814,0
4039,0
6880,1
8636,0
8705,0
1409,0
2464,1
799,0
5261,0
8453,0
357,0
1503,1
2610,0
1580,0
6437,0
8061,0
95,1
4263,0
8961,1
136,1
5956,0
7521,1
9986,0
6098,0
7718,0
504,0
1632,0
6993,1
8362,1
8084,1
8702,1
836,0
1302,0
3669,0
2062,1
1644,0
9012,1
9694,0
1658,1
1240,1
1603,0
8728,0
4557,1
8301,1
4780,0
9958,0
7264,1
4969,0
2762,0
2134,1
1239,1
556,0
1736,0
518,0
1607,0
8531,0
5605,1
6247,1
8419,0
5936,0
5184,1
8003,1
6438,0
9530,1
2923,1
3093,0
4306,0
2032,0
1548,0
1296,0
2166,0
9992,0
8867,1
807,0
9470,0
6814,0
1171,1
3912,0
950,0
3463,1
5199,0
4231,1
4848,0
1031,1
6748,0
8980,0
4379,0
7044,1
3497,0
2531,1
9928,0
7651,0
9221,1
1600,1
1716,1
6773,0
8499,1
7391,0
7155,0
1160,1
2669,0
2630,0
1876,1
5595,1
6327,0
3337,1
1558,1
4333,1
2517,0
6380,0
1055,1
2919,0
2648,0
2536,1
8623,1
3736,0
6809,1
4254,1
698,1
413,0
4774,0
5587,0
2281,1
850,0
4831,1
5458,1
1330,0
8199,0
7189,0
6718,0
2182,0
3035,0
6372,0
6505,0
7298,0
302,1
6111,0
9838,0
9018,0
3766,0
1856,1
7720,1
84,1
451,0
5106,0
3863,1
7001,1
2226,0
7909,0
5273,0
4899,1
4883,0
5811,0
6068,0
5354,1
4168,0
7146,0
3710,0
1334,1
955,0
2729,0
8243,0
7899,1
5440,1
8557,0
8227,1
5613,0
6919,1
7692,0
5594,1
5291,0
1421,0
3691,1
4572,0
8314,1
9619,0
7333,0
4083,1
4503,0
8931,0
7657,0
9912,0
5777,1
437,0
1612,1
7229,0
7586,0
8679,0
5726,0
1309,1
8354,0
3063,1
5927,1
141,0
4000,0
440,1
7924,0
211,1
3185,0
8448,1
8857,0
5168,1
8577,0
9232,0
6573,0
226,1
362,0
3246,0
4626,0
8488,0
4095,0
8440,0
9270,0
4857,0
4351,1
4919,1
5293,0
8727,0
3911,1
5409,1
9055,0
6485,0
7274,0
1756,1
3686,0
6112,1
3164,1
9908,0
4534,0
8472,0
4855,1
8928,0
6224,1
5496,0
190,0
6117,1
8267,0
8566,1
1668,1
631,0
5047,0
1433,0
3958,1
647,1
596,1
6944,0
3300,1
3636,0
5848,1
1082,0
3166,0
5191,1
6248,0
9762,0
6908,0
4910,0
5987,0
7623,0
1631,0
9362,0
4067,0
5236,0
1418,0
8685,0
5421,1
1720,0
7613,0
927,1
1341,1
7069,0
7616,0
3696,0
8664,1
2211,0
7343,0
1754,0
9236,0
2197,1
1252,0
5559,0
2856,0
2801,1
8081,0
8507,0
4279,0
5002,0
3600,0
1282,0
7814,0
7263,1
8141,1
7340,0
7995,0
3896,0
785,0
6581,0
5435,1
4452,0
1058,0
8152,0
1643,0
7195,0
1622,0
1541,0
657,1
5057,0
1601,1
4843,0
5060,1
4537,0
8612,1
9148,0
9411,0
5258,0
5518,0
1219,0
213,0
8095,0
1123,0
7774,0
6006,0
6827,0
9002,0
4140,0
2592,0
541,0
4870,0
6377,1
1681,0
7693,0
7481,0
6757,0
455,0
3964,1
6356,0
612,1
5510,1
118,0
6818,1
6587,0
8817,1
7049,1
7202,0
6676,0
3189,0
9332,1
3944,0
6426,1
4583,0
2566,1
2025,0
1712,0
2994,0
543,1
1674,1
9027,0
9919,0
9210,0
3411,0
8151,1
6161,0
3764,0
3980,0
7424,0
7852,0
6064,1
6568,1
2483,1
3857,0
8048,0
9476,1
3777,1
6904,0
1376,1
4420,1
3304,0
171,0
3510,1
5137,0
9592,1
6574,0
5471,0
9571,0
6849,0
4173,0
309,1
5574,0
3849,0
5179,0
9421,0
5143,1
7617,1
2379,0
898,0
4674,0
2927,1
505,0
8997,0
7642,1
374,0
4113,0
1205,0
2328,1
2510,1
6314,0
8586,0
2497,0
1444,0
1050,0
6031,1
467,0
3784,0
8689,0
9409,1
2263,1
4670,0
6441,0
975,1
2647,0
2897,1
9004,1
5915,1
9242,0
2986,0
1604,1
3793,1
33,0
4320,0
9895,0
607,0
1491,0
7163,1
8325,0
859,1
5817,1
3583,1
5085,0
6611,0
5444,1
6379,0
3471,0
9497,0
7131,0
2322,0
2742,1
9499,0
2047,0
130,1
83,0
3560,0
1011,0
1627,0
4339,0
3150,0
5005,1
4450,1
6360,0
5135,1
5645,0
5209,0
6533,1
3396,0
5827,0
8725,0
389,0
1538,0
4006,0
485,0
7407,0
1192,0
901,0
4533,1
1423,0
5581,0
1730,0
3017,0
8966,0
4233,0
2424,0
5603,0
411,1
4677,1
3390,0
4442,0
3716,0
549,0
6741,0
206,0
4771,0
9588,0
4265,0
9462,0
8803,0
2629,0
1331,1
9166,1
4514,1
2886,0
4360,0
7562,1
9463,0
6322,0
7265,1
3877,1
3158,0
9929,1
563,1
2973,1
721,1
6538,0
4218,1
4457,0
8821,0
722,0
6080,1
2320,0
7689,1
9786,0
1166,0
6855,1
1391,1
783,0
9374,1
5426,0
4986,0
8954,1
7473,0
9161,0
6296,0
1797,0
4305,0
6067,0
2506,0
6287,0
